cs/console.cs	cs console
cs/http.cs	cs http
cs/memo.md	cs memo
css/helloworld.css	css helloworld
css/memo.md	css memo
html/helloworld.html	html helloworld
html/site.html	html site
js/Syntax/helloworld.js	js Syntax helloworld
js/Syntax/jquery.js	js Syntax jquery
js/memo.md	js memo
md/artifact.md	md artifact
md/env/mint17_py_audio.md	md env mint17_py_audio
md/env/ras_mono_cs.md	md env ras_mono_cs
md/env/ras_node_markdown-it.md	md env ras_node_markdown-it
md/env/ras_py.md	md env ras_py
md/env/ras_sh.md	md env ras_sh
md/license/CC0-1.0.md	md license CC0-1.0
md/license/GPL-3.0.md	md license GPL-3.0
md/license/LGPL-3.0.md	md license LGPL-3.0
md/license/memo.md	md license memo
md/license/利用.md	md license 利用
py/2/Context/ui/c/helloworld.py	py2 Context ui c helloworld
py/3/Context/db/helloworld.py	py db helloworld
py/3/Context/db/sqlite/mapper.py	py db sqlite mapper
py/3/Context/db/sqlite/sqlite.py	py db sqlite sqlite
py/3/Context/http/helloworld.py	py http helloworld
py/3/Context/http/scrape/helloworld.py	py http scrape helloworld
py/3/Context/http/wrapper.py	py http wrapper
py/3/Context/server/api/cgi-bin/now.py	py server api cgi-bin now
py/3/Context/server/api/helloworld.sh	py server api helloworld
py/3/Context/server/api/index.html	py server api index
py/3/Context/server/cgi/cgi-bin/now.py	py server cgi cgi-bin now
py/3/Context/server/cgi/helloworld.sh	py server cgi helloworld
py/3/Context/server/cgi/index.html	py server cgi index
py/3/Context/server/cgi/simple.py	py server cgi simple
py/3/Context/server/simple/helloworld.sh	py server simple helloworld
py/3/Context/server/simple/index.html	py server simple index
py/3/Context/server/simple/simple.py	py server simple simple
py/3/Context/test/test.py	py test test
py/3/Context/ui/c/args.py	py cui args
py/3/Context/ui/c/helloworld.py	py cui helloworld
py/3/Context/ui/c/main.py	py cui main
py/3/Context/ui/c/parse.py	py cui parse
py/3/Context/ui/c/parse_class.py	py cui parse_class
py/3/Context/ui/c/shell.py	py cui shell
py/3/Context/ui/g/tk/button.py	py gui tk button
py/3/Context/ui/g/tk/entry.py	py gui tk entry
py/3/Context/ui/g/tk/helloworld.py	py gui tk helloworld
py/3/DesignPattern/singleton.py	py DesignPattern singleton
py/3/Syntax/arguments.py	py Syntax arguments
py/3/Syntax/class.py	py Syntax class
py/3/Syntax/for.py	py Syntax for
py/3/Syntax/if.py	py Syntax if
py/3/Syntax/metaclass.py	py Syntax metaclass
py/3/Syntax/try.py	py Syntax try
py/3/helloworld.py	py helloworld
sh/Context/argument.sh	sh Context argument
sh/Context/expr.sh	sh Context expr
sh/Context/function.sh	sh Context function
sh/Context/getopts.sh	sh Context getopts
sh/Syntax/case.sh	sh Syntax case
sh/Syntax/comparison.sh	sh Syntax comparison
sh/Syntax/for.sh	sh Syntax for
sh/Syntax/if.sh	sh Syntax if
sh/Syntax/regex.sh	sh Syntax regex
